dr5rus	5177903
dr5rue	4842393
dr5ru6	4750165
dr5rud	4713043
dr5ru7	4597817
dr5ru3	3493032
dr5ruk	3400923
dr5ru2	3138135
dr5ruu	3016593
dr5rvp	2875169
dr5rvn	2803104
dr5ru9	2780382
7zzzzz	2628273
dr5rug	2491412
dr5rsq	2397243
dr5rum	2355826
dr5rvj	2355036
dr5ref	2303146
dr5rsr	2293374
dr5ruv	2231382
dr72j0	2201434
dr5rsj	2175156
dr5rsp	2141379
dr5rsm	2120156
dr5rzn	2111081
dr5ru0	2069553
dr72h8	1991657
dr5x1p	1885101
dr5reg	1854996
dr5ru4	1832708
dr5rsn	1813048
dr5ru1	1791990
dr5ruq	1668856
dr5rgb	1660153
dr5ru5	1608277
dr72h9	1574654
dr5rut	1557233
dr5rux	1548498
dr5ruy	1543023
dr5reu	1538228
dr5ru8	1492667
dr5ruh	1414494
dr5ryy	1358564
dr5rzj	1284880
dr5x0z	1279040
dr5rsh	1147659
dr5rur	1076861
dr5rsk	1076487
dr5rev	1034441
dr5rsx	993433
dr5rvr	991389
dr5rvh	940710
dr72hg	940129
dr5x0y	892446
dr5rez	879502
dr5ruw	869521
dr5rec	848986
dr72hf	848817
dr72j1	835187
dr5rey	799913
dr5rsw	765942
dr72hd	750056
dr5ruz	742929
dr72hu	736177
dr5rgc	713943
dr5r80	701679
dr5rvq	678016
dr5ruf	674262
dr72hc	657798
dr5red	589298
dr5x1n	556466
dr5rst	541156
dr5ree	534809
dr5rgf	523515
dr72j2	513744
dr72jk	472207
dr72jh	444488
dr5rkr	428548
dr72j5	427340
dr5rth	389371
dr5rs2	383626
dr72jj	378613
dr5rv1	377576
dr5rs7	370065
dr72j3	367950
dr5r2p	360826
dr5rt5	360186
dr5ruj	353497
dr5rsg	353205
dr5rs5	347387
dr72j7	335621
dr5rs3	331062
dr72hb	328938
dr72j6	314789
dr5rvv	314011
dr72m6	311345
dr5rks	299399
dr5rsu	294539
dr72m2	291360
dr5rvu	285478
dr72jp	281777
dr5rkn	271871
dr5rs0	271336
dr72jr	260272
dr72jm	259229
dr72mt	258492
dr5rkw	256660
dr72jq	253304
dr5rkt	244434
dr5rkp	239686
dr72m3	237354
dr5rtn	220490
dr5rvc	218240
dr72m7	217924
dr5rkz	214110
dr5rkq	213929
dr5rkj	209334
dr5pry	205922
dr5rku	203294
dr72jd	203061
dr5rt7	199205
dr5rmh	199188
dr5rk7	198387
dr72h2	196610
dr5rvy	193509
dr5rtj	192688
dr72hv	191812
dr5rke	191175
dr72ms	191151
dr5rtm	190531
dr5rky	190038
dr5rvg	187438
dr5rkx	187243
dr5rk6	186815
dr72mz	185240
dr72mk	185217
dr5rtk	183376
dr5rtp	181649
dr5prz	178606
dr5ryj	176348
dr5rv6	176004
dr5rt6	168303
dr5ryn	166393
dr5res	163727
dr5rmn	162834
dr5ryh	159700
dr72jn	157426
dr5rt8	156400
dr5rss	156279
dr5rs4	155688
dr5ry9	153155
dr5rt4	152145
dr5rkv	150587
dr5ryw	148473
dr5rmp	140901
dr5rse	139197
dr5rvs	138314
dr5rkk	136047
dr5rmj	134840
dr5ryp	134402
dr72je	133041
dr5rve	131446
dr5rtc	130107
dr5ryd	125715
dr5rvb	125528
dr5rvt	123559
dr5ry1	120625
dr5rm5	117769
dr5rsb	117625
dr5rkm	116734
dr72he	114193
dr72j4	112785
dr72m0	110071
dr5rt9	104480
dr5rmq	102683
dr5rxt	98097
dr5rsf	97916
dr5x0x	96825
dr5rv0	95949
dr5ry3	95526
dr5rv3	94127
dr5rkd	91390
dr5ry5	88452
dr5rxq	87355
dr5rmk	86414
dr5rmr	81881
dr5rm4	80268
dr5rhx	79399
dr72js	78092
dr5rtf	77769
dr5rmw	77728
dr5rmz	76974
dr72me	76796
dr5rm1	76761
dr5rmm	76471
dr72mw	75483
dr5rkb	75341
dr5rmx	74919
dr5rt2	74086
dr72w5	73425
dr72jt	72481
dr5rt3	71757
dr5rtb	71203
dr5rt0	70671
dr5x2d	69974
dr5ryf	69886
dr5rhz	69323
dr5rk9	69221
dr5rvd	68505
dr5rw1	68100
dr5rtd	67951
dr5rk4	67311
dr5rs1	66256
dr5rhy	65966
dr5rmy	65615
dr5rqp	64888
dr72mx	64553
dr5rs8	63814
dr5rm7	63685
dr5rxm	63649
dr5rxp	63047
dr72tb	62943
dr5rqn	62028
dr72jw	61730
dr72mb	59691
dr5rkh	59430
dr5ryq	59209
dr5rvz	58819
dr5rhw	58738
dr5r7v	58083
dr5rm0	57913
dr5rk8	57843
dr5rw0	57658
dr5r5m	55754
dr5ryc	55509
dr5r56	55236
dr72hy	55211
dr5ryg	55004
dr5rvw	54352
dr5rxu	54278
dr5rv5	54131
dr5rye	54128
dr5x2e	52292
dr5rvm	51569
dr5rxr	51243
dr5rtq	50453
dr5rme	50360
dr5rk3	50276
dr5rv7	50097
dr5rkc	50019
dr5ry2	49609
dr5x23	48562
dr5r5s	48375
dr5rxs	48357
dr5ry6	48145
dr5rm6	47428
dr72my	47149
dr5rw4	46948
dr5rmt	46549
dr5r5z	46296
dr5ryb	46252
dr72w4	46247
dr72jv	46018
dr5r5k	45589
dr5r53	44533
dr5x2c	44479
dr5rhv	44446
dr5r57	44161
dr5ryt	43946
dr5rt1	43794
dr5rg2	43116
dr5rv9	43066
dr72mc	42896
dr5rzu	42624
dr5req	42568
dr72mm	42361
dr5rxn	42253
dr5rjn	41825
dr5rz4	40573
dr5rwz	39803
dr5rw3	39760
dr5rjj	39557
dr72jx	39494
dr5rvk	39383
dr5rw6	39230
dr5r7b	38590
dr72md	38279
dr72w1	37839
dr72jy	37228
dr5ryv	36693
dr5rxf	36398
dr5ry4	36020
dr72q5	35810
dr5rgg	35310
dr72ju	34719
dr5r5t	34660
dr5x85	34566
dr5rxw	34259
dr5x83	34231
dr5ry0	34016
dr72xj	33745
dr5rms	33387
dr5rk1	33306
dr5rht	32515
dr5rkf	31501
dr5rg6	31349
dr5rem	31031
dr5r7u	30783
dr72r6	30604
dr5rjp	29867
dr5ry8	29680
dr5rhp	29679
dr5ry7	29667
dr5rxg	29378
dr5rmv	29227
dr72mf	28931
dr5reh	28656
dr72qq	28252
dr5rte	27971
dr5rz0	27879
dr5rv8	27780
dr5rg3	27576
dr72rj	27322
dr5r5e	27135
dr5rhn	27126
dr5rhu	27071
dr5x2g	26973
dr72w0	26790
dr72qr	26730
dr5rqj	26716
dr72jz	26412
dr5r5w	26093
dr72qh	25998
dr5rj0	25985
dr5rzg	25849
dr72w6	25531
dr72qt	25487
dr72q4	24501
dr5rtz	24377
dr5rz2	24365
dr5r54	24231
dr72tc	24228
dr72m9	24197
dr5x22	24080
dr5x2b	23855
dr72np	23854
dr72m8	23832
dr72w8	23830
dr5r5d	23467
dr72q1	23453
dr5rmd	23278
dr5rwq	23162
dr5rxk	23008
dr5rxj	22892
dr5rjk	22692
dr5xbh	22630
dr5x28	22553
dr5rz6	22463
dr72w7	22352
dr5r5x	22272
dr5rwy	22251
dr72qb	22223
dr5rj1	21970
dr72wc	21889
dr5rhg	21882
dr72nn	21852
dr5rmu	21584
dr5rz5	21544
dr5rmg	21082
dr5qvh	20852
dr5xb5	20814
dr5rm2	20769
dr72wk	20746
dr72qx	20740
dr72qm	20424
dr72r3	20300
dr5x8d	20181
dr72qw	20138
dr5rym	20124
dr5rjq	20100
dr72n0	19934
dr5rek	19861
dr72w2	19810
dr5x84	19796
dr72r1	19670
dr72rs	19659
dr5ryu	19602
dr5rvf	19468
dr5x87	19442
dr72r4	19406
dr72mg	19387
dr5x35	19357
dr5rkg	19284
dr5rwr	19223
dr5rk5	19185
dr72wf	19128
dr5rv4	19054
dr72nq	19026
dr5x8g	19017
dr72tf	18893
dr5quz	18820
dr5r5y	18717
dr5x8k	18587
dr72wh	18570
dr5x86	18565
dr5rys	18514
dr5rhc	18488
dr5rhb	18312
dr72nj	18127
dr5rhs	18109
dr72w3	18070
dr72wq	18040
dr5rww	18009
dr5pxb	17887
dr5qup	17867
dr5rwt	17788
dr72mu	17778
dr5rz7	17708
dr5rjh	17560
dr5rw7	17411
dr5r5g	17356
dr72qn	17171
dr5rmc	17051
dr5rwm	16963
dr5rm3	16937
dr5qug	16903
dr72wn	16848
dr5rw5	16842
dr5x8n	16826
dr5rj4	16634
dr5ruc	16522
dr5quf	16405
dr72qk	16402
dr5rj7	16351
dr5rz1	16300
dr5r5u	16246
dr5rsc	16096
dr5qvk	16087
dr5rw2	16038
dr5rhf	15984
dr72rn	15971
dr5rj5	15737
dr72rg	15642
dr5rh9	15612
dr5ryr	15538
dr5rjm	15459
dr5r7c	15244
dr5qv5	15233
dr5rx7	15226
dr5rqh	15225
dr5rrr	15171
dr5rxe	15133
dr72qj	15093
dr5rh8	15012
dr5rxc	15010
dr5rwv	14998
dr5x2f	14820
dr72q0	14659
dr5rw9	14555
dr5quy	14542
dr5rhq	14499
dr5rmf	14445
dr5qvn	14323
dr5qv4	14210
dr5rtx	14206
dr5qun	14144
dr5rz3	14122
dr72w9	14096
dr5rh3	14084
dr5rjr	14059
dr5rhm	13988
dr5r5b	13901
dr72wb	13779
dr5rhk	13751
dr5rx8	13743
dr72nr	13690
dr5run	13687
dr5r5f	13661
dr5rgd	13615
dr5rwx	13607
dr5rrs	13602
dr5rj3	13589
dr5rxx	13563
dr5qvp	13414
dr5rm8	13404
dr72wd	13375
dr5quv	13358
dr5rh0	13357
dr5rh2	13348
dr5rer	13322
dr5x2s	13246
dr5x82	13235
dr72rt	13213
dr72nh	13177
dr72jb	13175
dr72r2	13064
dr5re5	13009
dr5re7	12926
dr5x8e	12820
dr5x8h	12816
dr5rh4	12776
dr5qvj	12764
dr5rqt	12762
dr5qur	12744
dr5x6n	12737
dr5rwg	12722
dr5rg0	12642
dr5rx2	12608
dr5x9s	12553
dr5x8t	12526
dr5rej	12505
dr72nx	12486
dr5rm9	12467
dr5rxv	12454
dr5qux	12433
dr72rp	12413
dr72qe	12404
dr72wr	12351
dr5x95	12240
dr5quw	12239
dr72q8	12145
dr5rh1	12104
dr5rzh	12071
dr5r5c	12043
dr5xbj	12036
dr5x8r	12027
dr5quq	11988
dr5rrp	11965
dr5x8s	11963
dr5x8m	11950
dr5xbb	11831
dr5quu	11792
dr5x8j	11715
dr5rhj	11678
dr5rqd	11673
dr79w9	11603
dr5rq1	11519
dr5ryk	11498
dr5rh6	11444
dr5r7s	11423
dr5x29	11363
dr5rvx	11362
dr5rv2	11312
dr5r5q	11150
dr5xb4	11146
dr72rm	11143
dr7810	11072
dr72q2	11069
dr5rwk	11040
dr5rh5	11010
dr5rrq	10951
dr5zch	10922
dr5r5v	10883
dr5x2r	10836
dr5rrj	10833
dr72wm	10797
dr5xck	10757
dr5rk0	10747
dr5rrn	10728
dr72xk	10708
dr72q7	10706
dr72q3	10676
dr5ren	10654
dr72qc	10607
dr72r0	10575
dr5rhe	10497
dr5x81	10493
dr5qvr	10448
dr5x2n	10435
dr5x2q	10387
dr5rs9	10384
dr5rz8	10358
dr5rws	10294
dr5que	10247
dr5rwu	10196
dr72nz	10183
dr5r55	10183
dr72xc	10101
dr5rmb	10099
dr5rq5	10063
dr72rh	10044
dr72m1	10043
dr5qvm	10023
dr72qp	9935
dr5rhh	9900
dr5rhr	9894
dr72nw	9869
dr72qs	9859
dr5x8f	9842
dr5x8q	9841
dr5rj6	9815
dr72ru	9771
dr5prw	9760
dr5rwj	9708
dr5xb1	9670
dr5rg7	9608
dr5rry	9580
dr5rq4	9549
dr5rru	9508
dr72rd	9420
dr72wp	9321
dr5x27	9303
dr72pp	9302
dr72q9	9269
dr5x2t	9256
dr5rx4	9230
dr5rjw	9124
dr5rq6	9105
dr5rh7	9072
dr72rk	9061
dr5qvs	9045
dr5rn0	9029
dr5rrw	9011
dr72x1	8996
dr5rrx	8969
dr789p	8958
dr5r7y	8941
dr5rge	8859
dr7250	8811
dr780d	8711
dr5rxb	8674
dr72qf	8617
dr5rrt	8593
dr5rrv	8584
dr72nm	8555
dr5xcp	8535
dr5x24	8467
dr5r8r	8426
dr5rjs	8408
dr7825	8406
dr5rtt	8384
dr5rj2	8329
dr5rq7	8312
dr5rnj	8312
dr5x2p	8240
dr5rqs	8227
dr5xb2	8210
dr5qvq	8177
dr5qud	8165
dr5rju	8150
dr5rqg	8125
dr5rwh	8119
dr5rqu	8103
dr5rnk	8090
dr5rqy	8080
dr72pr	8043
dr5rrz	8025
dr5xbu	8015
dr5rr5	8008
dr5rrh	7984
dr5x8w	7949
dr72mv	7870
dr5rwc	7865
dr5rj9	7766
dr5x9p	7731
dr5xtm	7710
dr5rqe	7695
dr72qd	7627
dr5xch	7624
dr5x8v	7582
dr5r87	7581
dr5rjf	7490
dr72xn	7470
dr5rjd	7437
dr72rf	7392
dr72x0	7379
dr5rjg	7369
dr5rg1	7366
dr5pxc	7319
dr5x8u	7316
dr5qut	7303
dr793m	7249
dr72r7	7230
dr5rdv	7180
dr5rdt	7172
dr5xbs	7154
dr5x89	7150
dr5rnn	7119
dr5rre	7098
dr725b	7086
dr72p8	7084
dr5rwn	7079
dr72rq	7019
dr5rgw	7005
dr5rgz	6997
dr5rep	6992
dr5rnm	6989
dr5qgz	6945
dr72jf	6932
dr5rjv	6876
dr5rzv	6827
dr5x2j	6823
dr5rjc	6803
dr5rx3	6777
dr5rnt	6774
dr5rnq	6724
dr5rhd	6716
dr5x8y	6709
dr5rrm	6676
dr5xb7	6658
dr72j9	6631
dr5xbn	6629
dr5rq9	6617
dr5rqr	6580
dr5xc8	6577
dr5rx0	6509
dr5rqv	6504
dr5rje	6501
dr72r5	6494
dr5rwe	6479
dr72x3	6470
dr5rjz	6467
dr5xbk	6425
dr5qu4	6389
dr5xbm	6384
dr7821	6301
dr5rx6	6285
dr72qg	6275
dr5rnz	6273
dr72qy	6262
dr5x8x	6213
dr5xcm	6204
dr5rqm	6190
dr5qvw	6167
dr5rn4	6152
dr5xbt	6146
dr793q	6132
dr5rxh	6109
dr5rqk	6102
dr72re	6076
dr5x9j	6072
dr5qum	6057
dr5xc9	6049
dr72wj	6046
dr5xbp	5976
dr72xb	5934
dr5rtg	5930
dr5rzc	5890
dr5x8z	5881
dr5rgt	5868
dr5rgs	5858
dr5r84	5849
dr5xc7	5807
dr7800	5794
dr5x80	5790
dr5xub	5785
dr72kv	5773
dr5xcj	5745
dr5rts	5719
dr5x9t	5713
dr5rjx	5701
dr72rw	5690
dr72x8	5659
dr72h1	5619
dr5rdx	5613
dr5quk	5593
dr5x9n	5578
dr782p	5575
dr73xf	5565
dr793t	5561
dr5rqc	5537
dr5rq0	5532
dr5xc5	5528
dr72q6	5513
dr5xb0	5501
dr72rv	5486
dr72rx	5485
dr5rq8	5480
dr5rnr	5434
dr72p9	5434
dr5rj8	5392
dr7820	5384
dr780n	5360
dr5xbe	5338
dr5r8p	5321
dr5rwd	5316
dr72pn	5294
dr72qv	5288
dr5rwf	5275
dr5r59	5268
dr72k8	5266
dr5xbv	5227
dr5rw8	5206
dr5x9m	5198
dr5wcq	5195
dr5x9k	5188
dr7880	5184
dr72x7	5162
dr5rn5	5142
dr5x2w	5138
